timestamp_ms,left_arm_upper_arm_ax,left_arm_upper_arm_ay,left_arm_upper_arm_az,left_arm_upper_arm_gx,left_arm_upper_arm_gy,left_arm_upper_arm_gz,left_arm_forearm_ax,left_arm_forearm_ay,left_arm_forearm_az,left_arm_forearm_gx,left_arm_forearm_gy,left_arm_forearm_gz,right_arm_upper_arm_ax,right_arm_upper_arm_ay,right_arm_upper_arm_az,right_arm_upper_arm_gx,right_arm_upper_arm_gy,right_arm_upper_arm_gz,right_arm_forearm_ax,right_arm_forearm_ay,right_arm_forearm_az,right_arm_forearm_gx,right_arm_forearm_gy,right_arm_forearm_gz,left_leg_thigh_ax,left_leg_thigh_ay,left_leg_thigh_az,left_leg_thigh_gx,left_leg_thigh_gy,left_leg_thigh_gz,left_leg_shin_ax,left_leg_shin_ay,left_leg_shin_az,left_leg_shin_gx,left_leg_shin_gy,left_leg_shin_gz,right_leg_thigh_ax,right_leg_thigh_ay,right_leg_thigh_az,right_leg_thigh_gx,right_leg_thigh_gy,right_leg_thigh_gz,right_leg_shin_ax,right_leg_shin_ay,right_leg_shin_az,right_leg_shin_gx,right_leg_shin_gy,right_leg_shin_gz
1774680833551,-0.794636,5.417360,1.917516,-0.026646,0.048203,0.004557,-13.082640,-11.602300,-1.387440,0.012950,0.057050,0.052387,-8.586325,3.737588,-7.461530,0.143677,-0.131499,0.028858,-0.613873,10.206240,-2.386780,-0.161849,0.135176,0.254498,-10.254610,-0.179565,-11.671730,-0.051294,0.034827,0.006608,-7.816350,1.004846,-10.563940,-0.045832,0.018866,0.013296,-9.814551,0.129526,-11.709320,-0.029631,-0.004104,0.004636,-5.019683,-0.206380,-8.796297,0.012657,-0.010845,0.001359
1774680833597,-0.864067,5.343140,1.764287,-0.118043,0.070586,0.012284,-13.123340,-11.508930,-1.444901,-0.028885,0.076235,0.025474,-8.780255,3.835751,-7.521385,0.166059,-0.127236,0.033654,-0.676122,10.290040,-2.446635,-0.154921,0.134111,0.243307,-10.278550,-0.237026,-11.631030,-0.045165,0.033228,0.009273,-7.852263,1.026394,-10.501690,-0.043700,0.017533,0.013829,0.000000,0.000000,0.000000,0.000000,0.000000,0.000000,0.000000,0.000000,0.000000,0.000000,0.000000,0.000000
1774680833630,-0.837731,5.280890,1.845690,-0.057822,0.076981,0.013350,-13.075450,-11.566390,-1.380257,-0.029417,0.091157,0.014016,0.000000,0.000000,0.000000,0.000000,0.000000,0.000000,0.000000,0.000000,0.000000,0.000000,0.000000,0.000000,-10.295310,-0.177171,-11.568780,-0.015322,0.031629,0.011671,-7.809168,1.035971,-10.528020,-0.025047,0.016734,0.017027,-9.848070,0.179805,-11.682990,-0.028298,-0.001972,0.005702,-5.057990,-0.189621,-8.743625,0.021184,-0.011111,0.002958
1774680833698,-0.691685,5.098931,1.984554,-0.101256,0.060194,-0.006635,-12.845610,-11.712430,-1.241393,0.123798,0.115938,0.063311,-8.823351,3.797443,-7.289147,0.019239,-0.208507,0.058435,-0.728795,10.445660,-2.231157,-0.268168,0.108264,0.159638,-10.283340,-0.062249,-11.611880,-0.035573,0.034827,0.008207,-7.785226,1.110191,-10.587880,-0.037838,0.019398,0.015162,-9.814551,0.203747,-11.761990,-0.022170,-0.000373,0.001172,-5.057990,-0.156102,-8.774750,0.016121,-0.010046,0.002958
1774680833755,-0.988565,5.235401,1.951035,-0.043167,0.018093,-0.018892,-13.269380,-11.812990,-1.236605,0.055851,0.056517,0.025207,0.000000,0.000000,0.000000,0.000000,0.000000,0.000000,0.000000,0.000000,0.000000,0.000000,0.000000,0.000000,-10.259390,-0.148440,-11.638210,-0.036106,0.036958,0.002345,-7.845080,1.019212,-10.585480,-0.042368,0.017800,0.013296,-9.828917,0.139103,-11.824240,-0.035759,0.004690,0.003038,-4.990952,-0.141737,-8.880095,-0.003864,-0.014309,0.000027
1774680833824,-0.847308,5.537070,2.049197,-0.024515,0.016494,-0.005569,-13.092210,-11.714830,-1.207875,0.090224,0.059981,-0.001439,-8.756313,3.744771,-7.502231,0.053879,-0.245012,0.018732,-0.724007,10.474390,-2.307771,-0.297479,0.127449,0.263292,-10.261790,-0.134075,-11.602300,-0.030776,0.033228,0.004210,-7.809168,1.086249,-10.551970,-0.037038,0.014869,0.011698,-9.869618,0.141497,-11.671010,-0.030696,-0.009966,0.003571,-5.043625,-0.127372,-8.774750,0.021184,-0.015908,-0.002105
1774680833867,-0.825760,5.268920,1.927093,-0.136162,-0.004823,0.005889,-13.003630,-11.700460,-1.315614,0.080898,0.055717,-0.025687,-8.660545,3.565206,-7.550115,0.095447,-0.237818,0.052307,-0.652180,10.316380,-2.396357,-0.278560,0.094141,0.335236,-10.257000,-0.162806,-11.590330,-0.024914,0.032428,0.002345,-7.828321,1.079067,-10.623790,-0.038104,0.013003,0.012231,0.000000,0.000000,0.000000,0.000000,0.000000,0.000000,0.000000,0.000000,0.000000,0.000000,0.000000,0.000000
1774680833907,-0.780271,5.352716,2.051591,-0.140426,-0.053586,-0.049535,-13.046720,-11.671730,-1.186327,-0.004903,-0.037545,-0.091770,-8.804197,3.783078,-7.281965,0.242268,-0.248210,0.039250,-0.594719,10.704240,-2.389174,-0.221004,0.094674,0.355488,-10.307280,-0.167594,-11.549630,-0.041968,0.038291,0.003677,-7.818745,1.134133,-10.580700,-0.046897,0.014069,0.011165,-9.883984,0.112767,-11.721290,-0.042421,0.003357,-0.001759,-5.017289,-0.144131,-8.705317,-0.004130,-0.009779,0.000293
1774680833965,-1.081940,5.414966,2.413116,-0.256870,-0.079432,-0.064191,-13.142490,-12.337320,-0.906205,-0.092569,-0.079379,-0.152257,-8.785044,3.586754,-7.229292,0.092782,-0.257536,-0.006049,-0.661757,10.689870,-2.389174,-0.317730,0.165553,0.400520,0.000000,0.000000,0.000000,0.000000,0.000000,0.000000,0.000000,0.000000,0.000000,0.000000,0.000000,0.000000,-9.831310,0.172622,-11.632710,-0.037092,0.001226,0.001172,-5.019683,-0.187227,-8.714894,0.005196,-0.006582,0.002158
1774680834010,-0.684503,5.084566,2.243128,-0.278720,-0.169230,-0.057263,-13.061090,-12.081140,-0.705092,-0.086707,-0.166512,-0.228731,0.000000,0.000000,0.000000,0.000000,0.000000,0.000000,0.000000,0.000000,0.000000,0.000000,0.000000,0.000000,-10.343190,-0.179565,-11.662160,-0.032375,0.033761,-0.004583,-7.811562,1.002452,-10.571120,-0.053026,0.014602,0.011431,-9.857647,0.153468,-11.692560,-0.046418,0.006555,-0.000693,-5.005318,-0.168073,-8.798692,-0.000400,-0.009779,-0.000240
1774680834073,-0.967018,5.218641,2.381991,-0.253406,-0.182287,-0.042607,-13.120940,-12.528860,-0.752976,-0.140532,-0.207814,-0.284689,-8.684487,3.617878,-7.219716,0.094381,-0.263931,-0.017240,-0.501346,10.800000,-2.429875,-0.404064,0.249222,0.479926,-10.221090,-0.114922,-11.609480,-0.038237,0.028964,-0.004050,-7.787620,1.055125,-10.590270,-0.054891,0.015402,0.013829,-9.821733,0.088825,-11.723690,-0.049882,0.001492,-0.003890,-4.993347,-0.113006,-8.714894,0.004663,-0.011111,0.004290
1774680834108,-0.809001,5.209064,2.762669,-0.348000,-0.308324,-0.095367,-13.120940,-12.143390,-0.690727,-0.076048,-0.273630,-0.305739,-8.703641,3.644214,-7.102399,0.054678,-0.295907,-0.051880,-0.357694,11.168710,-2.501701,-0.507185,0.397642,0.637671,-10.280940,-0.155623,-11.626240,-0.040636,0.029764,0.001013,-7.804379,1.079067,-10.607030,-0.039170,0.012204,0.013563,-9.836099,0.136709,-11.750020,-0.040289,-0.000373,0.001972,-5.048413,-0.271024,-8.769961,0.009459,-0.014576,0.004024
1774680834190,-0.653378,4.785291,2.920687,-0.445792,-0.399187,-0.127342,-12.986870,-12.629410,-0.415394,-0.114153,-0.342378,-0.422450,-8.801804,3.649003,-6.882133,-0.142771,-0.321487,-0.147807,-0.008140,11.381790,-2.520855,-0.304940,0.446671,0.767705,-10.319250,-0.095768,-11.592720,-0.047031,0.026300,-0.002451,-7.823533,1.095826,-10.583090,-0.051161,0.013003,0.005836,-9.874407,0.081642,-11.747630,-0.038424,-0.008367,-0.000693,-5.081932,-0.187227,-8.753201,0.012923,-0.011911,0.002958
1774680834228,-0.787453,5.027105,3.231933,-0.361057,-0.398921,-0.098564,-12.982080,-12.940660,-0.413000,-0.124811,-0.329587,-0.469880,0.000000,0.000000,0.000000,0.000000,0.000000,0.000000,0.000000,0.000000,0.000000,0.000000,0.000000,0.000000,-10.225870,-0.129287,-11.571180,-0.045165,0.024701,-0.007248,-7.725370,1.004846,-10.568720,-0.042101,0.009806,0.011165,-9.807368,0.155863,-11.647070,-0.031762,-0.027819,0.001972,-5.046020,-0.136948,-8.734048,0.013723,-0.012977,0.003757
1774680834275,-1.230380,5.060624,3.277423,-0.351464,-0.418906,-0.099097,-13.104180,-13.302180,-0.487220,-0.044872,-0.329321,-0.464817,0.000000,0.000000,0.000000,0.000000,0.000000,0.000000,0.000000,0.000000,0.000000,0.000000,0.000000,0.000000,-10.338400,-0.167594,-11.602300,-0.029977,0.028165,0.006075,-7.806773,1.059913,-10.487320,-0.036772,0.007941,0.009033,-9.888772,0.127132,-11.711720,-0.025634,-0.008633,-0.001492,-5.122634,-0.129766,-8.767567,0.005729,-0.015108,-0.000773
1774680834309,-0.806606,4.699100,3.138559,-0.414349,-0.470066,-0.134803,-13.070670,-12.521680,-0.678756,0.074769,-0.347707,-0.432309,-8.722795,3.596330,-6.994660,0.048283,-0.381441,-0.102775,0.343807,11.872610,-2.642959,-0.841329,0.566846,0.807674,-10.304880,-0.229843,-11.487380,-0.018519,0.026566,0.002078,-7.837898,1.012029,-10.511260,-0.036772,0.010339,0.008767,0.000000,0.000000,0.000000,0.000000,0.000000,0.000000,0.000000,0.000000,0.000000,0.000000,0.000000,0.000000
1774680834341,-0.842520,4.787685,3.370797,-0.377044,-0.449549,-0.136669,-12.687590,-13.165720,-0.597353,0.035866,-0.348240,-0.475742,0.000000,0.000000,0.000000,0.000000,0.000000,0.000000,0.000000,0.000000,0.000000,0.000000,0.000000,0.000000,-10.221090,-0.205901,-11.619060,-0.017986,0.028964,0.009806,-7.809168,1.076672,-10.583090,-0.019185,0.014602,0.014096,-9.862435,0.093613,-11.601580,-0.029897,-0.011298,0.003038,-5.055596,-0.192015,-8.755596,0.017986,-0.018572,-0.003970
1774680834408,-0.653378,4.785291,3.739504,-0.301636,-0.422103,-0.123345,-12.687590,-13.160930,-0.448913,0.037998,-0.257110,-0.458422,-8.610267,3.538869,-6.831855,-0.082817,-0.417147,-0.043087,1.107558,12.983520,-2.961388,-0.376618,0.467455,0.781561,-10.264180,-0.160412,-11.635820,-0.021717,0.035892,0.006875,-7.785226,1.064701,-10.528020,-0.023982,0.014336,0.011165,-9.800186,0.167834,-11.694960,-0.008314,-0.023555,0.002771,-5.005318,-0.110612,-8.774750,0.024914,-0.013243,-0.000506
1774680834458,-0.610282,4.677552,3.682043,-0.300303,-0.410379,-0.129741,-12.694780,-12.938270,-0.199916,0.077700,-0.247783,-0.428845,-8.461826,3.198893,-6.700174,-0.023395,-0.428072,-0.001519,0.947146,12.291590,-2.808159,-0.590055,0.451467,0.750651,0.000000,0.000000,0.000000,0.000000,0.000000,0.000000,0.000000,0.000000,0.000000,0.000000,0.000000,0.000000,-9.828917,0.175016,-11.692560,0.003944,-0.012097,0.004903,-5.041231,-0.132160,-8.786720,0.016654,-0.016441,-0.003704
1774680834491,-0.885615,4.433343,4.182431,-0.353596,-0.357353,-0.131606,-12.615770,-13.694830,-0.070629,0.000959,-0.231796,-0.422983,-8.593508,3.225229,-6.506243,0.108770,-0.434201,0.009140,1.109952,12.990700,-2.848861,-0.410992,0.433348,0.794884,-10.271360,-0.155623,-11.611880,-0.020917,0.035892,0.008474,-7.825927,1.043154,-10.563940,-0.025047,0.016467,0.012497,-9.833705,0.203747,-11.659040,0.002078,-0.021957,0.006768,-5.007712,-0.158496,-8.717289,0.026247,-0.020704,-0.007701
1774680834531,-0.567186,4.339970,4.218344,-0.346135,-0.374140,-0.169710,-12.579850,-13.232750,-0.029928,0.024142,-0.245119,-0.402731,0.000000,0.000000,0.000000,0.000000,0.000000,0.000000,0.000000,0.000000,0.000000,0.000000,0.000000,0.000000,-10.304880,-0.174777,-11.599910,-0.021717,0.035626,0.007941,-7.811562,1.028788,-10.496900,-0.029044,0.015135,0.015428,-9.867224,0.232477,-11.625530,-0.013110,-0.013163,0.002771,-5.067567,-0.273418,-8.638280,0.015322,-0.021504,-0.007168
1774680834589,-0.591128,4.440526,4.543955,-0.328815,-0.356021,-0.123345,-12.520000,-13.807360,0.281319,-0.000640,-0.235526,-0.401399,-8.488163,3.225229,-6.276400,0.068268,-0.447257,-0.037491,1.763569,13.234910,-2.851255,-0.509849,0.491703,0.789022,-10.319250,-0.129287,-11.520900,-0.014789,0.036958,0.012470,-7.816350,1.059913,-10.516050,-0.025847,0.015934,0.017027,-9.836099,0.100796,-11.517790,-0.030696,-0.010232,0.001705,-5.019683,-0.187227,-8.669404,0.015055,-0.020971,-0.003704
1774680834629,-0.521696,4.347152,5.101804,-0.367985,-0.344829,-0.120947,-12.158470,-14.616600,0.549469,-0.099231,-0.265903,-0.439770,-8.430702,3.052846,-6.139931,0.115964,-0.422743,-0.072131,1.878491,13.467140,-2.872802,-0.563408,0.485841,0.770903,0.000000,0.000000,0.000000,0.000000,0.000000,0.000000,0.000000,0.000000,0.000000,0.000000,0.000000,0.000000,-9.826522,0.057700,-11.608770,-0.032562,-0.007568,0.000906,-5.034048,-0.194409,-8.659827,0.003331,-0.010845,0.000293
1774680834671,0.000000,0.000000,0.000000,0.000000,0.000000,0.000000,0.000000,0.000000,0.000000,0.000000,0.000000,0.000000,0.000000,0.000000,0.000000,0.000000,0.000000,0.000000,0.000000,0.000000,0.000000,0.000000,0.000000,0.000000,-10.314460,-0.122104,-11.671730,-0.039037,0.031896,0.007941,-7.737342,1.067096,-10.547180,-0.047430,0.012204,0.013296,-9.836099,0.139103,-11.647070,-0.030696,-0.004104,0.005969,-5.079538,-0.232716,-8.676587,0.004397,-0.014309,0.000027
1774680834710,-0.296641,4.100549,5.243062,-0.415415,-0.413043,-0.138800,-12.091440,-14.580690,0.810437,-0.137335,-0.342378,-0.397136,-8.478586,2.892435,-6.046556,0.177517,-0.431003,-0.104640,2.050874,13.814300,-2.745910,-0.514912,0.513020,0.799947,-10.228270,-0.124498,-11.650190,-0.039037,0.028698,0.002078,-7.782831,1.076672,-10.453800,-0.045299,0.014602,0.015428,0.000000,0.000000,0.000000,0.000000,0.000000,0.000000,0.000000,0.000000,0.000000,0.000000,0.000000,0.000000
1774680834747,-0.351708,3.808457,5.659653,-0.502015,-0.476195,-0.190494,-12.117770,-14.642940,1.021127,0.029471,-0.371689,-0.369157,-8.536047,2.940319,-5.893328,0.195637,-0.440862,-0.123825,2.266351,13.895710,-2.664507,-0.532765,0.503694,0.803677,-10.393470,-0.126893,-11.621460,-0.045165,0.039357,0.006075,-7.852263,1.114980,-10.544780,-0.046098,0.012737,0.013563,-9.860041,0.172622,-11.627920,-0.060807,0.006821,0.001172,-4.952645,-0.232716,-8.813057,-0.007328,-0.019105,0.004823
1774680834830,-0.322978,3.782120,5.501636,-0.470306,-0.512967,-0.161716,-12.096220,-14.846440,1.078588,-0.056064,-0.410592,-0.452293,0.000000,0.000000,0.000000,0.000000,0.000000,0.000000,0.000000,0.000000,0.000000,0.000000,0.000000,0.000000,-10.300090,-0.069432,-11.609480,-0.043567,0.029764,0.003944,-7.804379,1.131739,-10.551970,-0.053026,0.011138,0.013563,-9.876801,0.167834,-11.589610,-0.068801,0.005489,0.000107,-5.072355,-0.189621,-8.700529,-0.015855,-0.015641,0.006155
1774680834863,-0.330160,3.592978,6.040331,-0.538787,-0.536682,-0.194225,-12.062710,-15.186420,1.222240,-0.086440,-0.438837,-0.524771,-8.390000,2.621890,-5.481525,0.177251,-0.476302,-0.211758,2.563233,14.046540,-2.461000,-0.598581,0.494101,0.783959,-10.347980,-0.071826,-11.643000,-0.050761,0.035626,0.001545,-7.787620,1.124557,-10.568720,-0.058355,0.008474,0.012231,-9.850464,0.179805,-11.627920,-0.077061,0.006022,-0.004956,-5.103480,-0.158496,-8.650250,-0.025447,-0.015108,0.005889
1774680834899,-0.023703,3.293703,6.212714,-0.543317,-0.598235,-0.211811,-11.954970,-15.373170,1.358709,-0.048070,-0.483070,-0.577797,0.000000,0.000000,0.000000,0.000000,0.000000,0.000000,0.000000,0.000000,0.000000,0.000000,0.000000,0.000000,-10.280940,-0.169988,-11.695670,-0.053159,0.039090,0.000213,-7.799591,1.134133,-10.595060,-0.047697,0.004477,0.011698,-9.874407,0.119949,-11.491450,-0.066935,0.003624,-0.002558,-4.990952,-0.213563,-8.588001,-0.006795,-0.016174,0.002425
1774680834944,-0.191297,3.274550,6.423404,-0.569430,-0.614489,-0.188362,-11.694000,-15.705960,1.334767,-0.030483,-0.492396,-0.595917,-8.260714,2.344163,-5.263653,0.304886,-0.520002,-0.338061,3.142629,14.412860,-2.372415,-0.613770,0.465856,0.745056,-10.359950,-0.222661,-11.535260,-0.036905,0.034560,0.003944,-7.818745,1.014423,-10.477750,-0.042634,0.007941,0.013030,-9.860041,0.048123,-11.534550,-0.061606,-0.003038,-0.002292,-5.002924,-0.302148,-8.662222,-0.001732,-0.011378,0.004290
1774680834987,-0.016520,2.968092,6.684372,-0.506279,-0.650994,-0.201952,-11.332470,-15.847220,1.339556,0.007621,-0.480938,-0.614569,-8.076360,2.468661,-5.129578,0.338994,-0.554908,-0.369504,4.081156,14.592420,-2.197638,-0.588989,0.382987,0.638471,-10.328820,-0.172383,-11.501750,-0.029711,0.040689,0.012470,-7.801985,1.093432,-10.475350,-0.037038,0.017267,0.014096,-9.893560,0.136709,-11.644680,-0.047750,0.009753,-0.000160,-5.065173,-0.196803,-8.657434,-0.009459,-0.008447,0.004823
1774680835039,0.488657,2.807680,6.502412,-0.428472,-0.646998,-0.201685,-11.325290,-15.081080,1.437718,0.092622,-0.449496,-0.574067,0.000000,0.000000,0.000000,0.000000,0.000000,0.000000,0.000000,0.000000,0.000000,0.000000,0.000000,0.000000,-10.319250,-0.220267,-11.484990,-0.024381,0.035626,0.017800,-7.801985,1.064701,-10.429860,-0.025314,0.022330,0.019958,-9.836099,0.060094,-11.546520,-0.027499,0.002292,0.003837,-5.000529,-0.182438,-8.647857,0.018253,-0.003118,0.008553
1774680835091,0.579637,2.563472,6.928580,-0.361323,-0.608094,-0.190760,-11.069110,-15.284580,1.507150,0.150978,-0.386077,-0.496526,-7.702865,2.483027,-4.832696,0.339260,-0.552243,-0.376165,4.536055,14.386520,-2.003707,-0.482937,0.231103,0.455944,-10.264180,-0.031125,-11.640610,-0.023315,0.044952,0.020464,-7.813956,1.114980,-10.520840,-0.018119,0.034320,0.019425,-9.831310,0.122344,-11.548910,0.002345,0.005223,0.004104,-5.002924,-0.132160,-8.573636,0.033708,0.005676,0.009353
1774680835191,1.012987,2.467704,7.484035,-0.474037,-0.485255,-0.160384,-10.279030,-16.172831,1.966837,-0.074716,-0.341312,-0.511715,-7.326975,1.661816,-4.224569,0.231076,-0.441395,-0.375899,4.832936,14.348210,-1.536838,-0.478140,0.097872,0.167898,-10.254610,-0.035913,-11.659760,-0.018519,0.046551,0.010339,-7.797196,1.110191,-10.592670,-0.026646,0.032189,0.012231,-9.807368,0.261207,-11.649470,-0.020304,0.008953,0.000640,-5.022078,-0.232716,-8.667010,0.009459,-0.001519,-0.006102
1774680835267,1.216494,2.008017,7.694725,-0.498818,-0.459674,-0.192626,-10.314940,-16.055519,1.950077,0.021477,-0.305872,-0.433908,-7.250361,1.937149,-4.238934,0.350984,-0.430204,-0.330067,4.581544,14.597210,-1.532050,-0.381947,0.106665,0.097552,-10.288120,-0.011971,-11.592720,-0.022783,0.052680,0.013270,-7.801985,1.122162,-10.573510,-0.024248,0.029258,0.007967,-9.824128,0.141497,-11.680590,-0.028831,0.010285,-0.003091,-5.120239,-0.168073,-8.669404,0.009726,-0.002052,-0.008234
1774680835319,1.398453,1.797327,7.824012,-0.364521,-0.412777,-0.147860,-10.013270,-16.400280,2.029086,-0.021424,-0.297345,-0.376618,-7.018124,1.697729,-4.016273,0.266516,-0.389435,-0.342857,4.540843,14.798320,-1.309389,-0.340646,0.107464,0.076235,-10.245030,-0.076614,-11.609480,-0.021717,0.052946,0.006608,-7.813956,1.107797,-10.559150,-0.027712,0.026593,0.007701,-9.828917,0.129526,-11.589610,-0.034427,0.013749,-0.004157,-5.072355,-0.165679,-8.659827,0.008660,-0.000719,-0.006102
1774680835399,1.767160,1.641704,8.111316,-0.354928,-0.364547,-0.118816,-9.704418,-16.364370,2.378639,0.020677,-0.241122,-0.307338,0.000000,0.000000,0.000000,0.000000,0.000000,0.000000,0.000000,0.000000,0.000000,0.000000,0.000000,0.000000,-10.309670,-0.117316,-11.628640,-0.035839,0.055611,0.001013,-7.818745,1.107797,-10.532810,-0.037571,0.025527,0.004770,-9.800186,0.103190,-11.642280,-0.049349,0.016414,-0.008154,-5.060385,-0.175256,-8.757990,-0.010259,0.006209,-0.006368
1774680835473,1.836592,1.646492,8.089768,-0.305632,-0.336569,-0.089238,-9.682870,-16.450560,2.419341,-0.000640,-0.237924,-0.323059,-7.080373,1.278743,-3.637990,0.305952,-0.421144,-0.355647,4.243962,14.755230,-1.177708,-0.349172,0.117590,0.013883,-10.254610,-0.179565,-11.609480,-0.028112,0.048150,0.004477,-7.825927,1.038365,-10.537600,-0.039969,0.027659,0.006102,-9.903137,0.119949,-11.637500,-0.052280,0.020411,-0.010019,-5.077144,-0.189621,-8.683769,-0.011058,0.002212,-0.006901
1774680835504,1.879688,1.694376,8.434533,-0.255538,-0.346161,-0.064724,-9.438662,-16.850389,2.428918,0.042794,-0.221937,-0.302275,0.000000,0.000000,0.000000,0.000000,0.000000,0.000000,0.000000,0.000000,0.000000,0.000000,0.000000,0.000000,-10.302490,-0.110133,-11.659760,-0.023582,0.052680,0.012737,-7.811562,1.174835,-10.528020,-0.034374,0.028725,0.010632,-9.812157,0.110373,-11.649470,-0.044553,0.012417,-0.007887,-4.988559,-0.081882,-8.722077,0.009193,0.004610,-0.001306
1774680835551,2.200511,1.488475,8.434533,-0.334410,-0.314452,-0.039676,-9.156145,-16.778561,2.565387,-0.049402,-0.234460,-0.296679,-6.702089,0.926795,-3.602077,0.231876,-0.430737,-0.429991,3.997359,14.774380,-1.060392,-0.361163,0.082683,-0.042607,-10.247420,-0.047884,-11.724410,-0.019851,0.056410,0.009006,-7.821138,1.057519,-10.585480,-0.029844,0.034320,0.009033,-9.781033,0.131921,-11.644680,-0.037358,0.010818,-0.004423,-4.978982,-0.208774,-8.693347,0.012124,0.009140,-0.001572
1774680835610,2.133473,1.280180,8.633252,-0.348799,-0.287007,-0.044206,-9.201635,-16.776171,2.519897,-0.056863,-0.234727,-0.291617,0.000000,0.000000,0.000000,0.000000,0.000000,0.000000,0.000000,0.000000,0.000000,0.000000,0.000000,0.000000,-10.295310,-0.079009,-11.724410,-0.024914,0.056410,0.012737,-7.813956,1.119768,-10.707590,-0.029844,0.034853,0.009300,-9.876801,0.129526,-11.735660,-0.042954,0.023875,-0.005223,-5.096297,-0.239899,-8.724471,0.009459,0.006209,-0.002372
1774680835652,2.293885,1.229901,8.527906,-0.303501,-0.295001,-0.001572,-9.053195,-16.924610,2.577358,-0.022756,-0.221670,-0.246318,-6.156211,0.878911,-3.408146,0.336595,-0.379043,-0.425194,4.004542,14.487070,-0.828154,-0.321993,-0.001519,-0.040476,-10.257000,-0.043096,-11.688490,-0.029444,0.049482,0.007941,-7.732553,1.114980,-10.587880,-0.025580,0.034587,0.010898,-9.812157,0.084036,-11.678200,-0.041089,0.010552,-0.008420,-5.043625,-0.160890,-8.793903,0.020651,0.006475,0.001092
1774680835692,2.322615,1.275391,8.549455,-0.293908,-0.278480,-0.012497,-9.069954,-16.685190,2.404976,-0.036079,-0.227266,-0.236725,0.000000,0.000000,0.000000,0.000000,0.000000,0.000000,0.000000,0.000000,0.000000,0.000000,0.000000,0.000000,-10.276150,-0.098162,-11.736380,-0.040103,0.056677,0.011938,-7.825927,1.114980,-10.695620,-0.033041,0.032455,0.010898,-9.778638,0.110373,-11.740450,-0.041888,0.011085,-0.004956,-5.017289,-0.184832,-8.777143,0.009459,0.008607,0.002425
1774680835731,2.262760,1.179623,8.836759,-0.327749,-0.267555,0.008287,-8.686882,-17.578230,2.579752,-0.110955,-0.244053,-0.252447,-6.108327,0.610761,-3.001132,0.416001,-0.393698,-0.409206,3.676536,14.434400,-0.536062,-0.347041,-0.046551,0.013616,-10.295310,-0.067038,-11.659760,-0.029977,0.047883,0.010072,-7.828321,1.093432,-10.587880,-0.038371,0.032189,0.010632,-9.838493,0.141497,-11.718900,-0.038157,0.007621,-0.003890,-5.091509,-0.165679,-8.710106,0.006262,0.008873,0.001892
1774680835790,2.432748,1.141316,8.729020,-0.272325,-0.255031,0.011218,-8.701247,-17.173611,2.462436,-0.089638,-0.249915,-0.219672,0.000000,0.000000,0.000000,0.000000,0.000000,0.000000,0.000000,0.000000,0.000000,0.000000,0.000000,0.000000,0.000000,0.000000,0.000000,0.000000,0.000000,0.000000,0.000000,0.000000,0.000000,0.000000,0.000000,0.000000,0.000000,0.000000,0.000000,0.000000,0.000000,0.000000,0.000000,0.000000,0.000000,0.000000,0.000000,0.000000
1774680835826,2.638649,0.767820,8.894219,-0.338407,-0.253699,-0.012764,-8.545624,-17.128120,2.486378,-0.086973,-0.257909,-0.209013,-5.646246,0.663433,-2.709039,0.429857,-0.402225,-0.431856,3.714844,13.929230,-0.351708,-0.368624,-0.115032,-0.058062,-10.264180,-0.038307,-11.705250,-0.045965,0.049216,0.008740,-7.837898,1.057519,-10.607030,-0.038637,0.036719,0.009832,-9.886377,0.119949,-11.702140,-0.029631,0.015348,-0.007088,-5.046020,-0.218351,-8.655039,0.012657,0.013936,0.008287
1774680835873,2.593160,0.825281,8.903796,-0.350132,-0.244906,0.014416,-8.387607,-17.401060,2.577358,-0.131206,-0.262705,-0.224734,-5.447527,0.582031,-2.541445,0.415735,-0.403557,-0.437185,3.556826,14.661850,-0.349314,-0.283356,-0.102242,-0.048470,-10.268970,-0.059855,-11.743560,-0.039836,0.047084,0.007941,-7.801985,1.136528,-10.633370,-0.033041,0.035653,0.009566,-9.757091,0.143892,-11.809880,-0.019239,0.011618,-0.003091,-5.055596,-0.148919,-8.825027,0.018519,0.011005,0.001892
1774680835907,2.672169,0.856406,8.951680,-0.278720,-0.245172,0.049322,-8.270290,-17.539921,2.591723,-0.079246,-0.256044,-0.193292,0.000000,0.000000,0.000000,0.000000,0.000000,0.000000,0.000000,0.000000,0.000000,0.000000,0.000000,0.000000,-10.268970,-0.062249,-11.698070,-0.030776,0.048949,0.009006,-7.825927,1.074278,-10.611820,-0.023715,0.028725,0.009566,-9.826522,0.100796,-11.728480,-0.026433,0.008154,-0.000693,-5.038836,-0.189621,-8.870518,0.012657,0.003011,0.000027
1774680835973,2.990597,0.758244,9.054631,-0.273391,-0.237978,0.037864,-8.057207,-17.405849,2.517503,-0.056863,-0.231529,-0.199687,-5.114733,0.277967,-2.246958,0.395750,-0.363854,-0.419332,3.303041,14.190190,-0.083558,-0.286820,-0.118496,-0.037278,-10.302490,-0.038307,-11.760320,-0.034507,0.046551,0.013270,-7.828321,1.112586,-10.676460,-0.029577,0.027126,0.007967,-9.855252,0.112767,-11.817060,-0.038424,0.015348,-0.003624,-5.110662,-0.177650,-8.743625,-0.007861,0.005676,0.000826
1774680836024,2.904406,0.753455,9.133640,-0.293109,-0.231050,0.054918,-8.066784,-17.772160,2.510320,-0.060061,-0.217673,-0.203151,0.000000,0.000000,0.000000,0.000000,0.000000,0.000000,0.000000,0.000000,0.000000,0.000000,0.000000,0.000000,0.000000,0.000000,0.000000,0.000000,0.000000,0.000000,0.000000,0.000000,0.000000,0.000000,0.000000,0.000000,0.000000,0.000000,0.000000,0.000000,0.000000,0.000000,0.000000,0.000000,0.000000,0.000000,0.000000,0.000000
1774680836101,3.213258,0.593044,9.191101,-0.203577,-0.227586,0.044526,-7.791451,-17.664419,2.608483,0.053186,-0.185698,-0.128009,-4.535336,0.163045,-2.014721,0.284369,-0.268461,-0.427326,3.183331,13.756840,0.062489,-0.193292,-0.110236,-0.115352,-10.268970,-0.023942,-11.690890,-0.057423,0.049482,0.001545,-7.849870,1.112586,-10.647730,-0.046897,0.027925,0.006635,-9.869618,0.103190,-11.711720,-0.038957,0.015615,-0.004690,-5.014894,-0.189621,-8.781932,0.005196,0.002212,0.001625
1774680836161,3.356910,0.621774,9.516712,-0.203311,-0.219858,0.066642,-7.626251,-17.707520,2.524686,0.027073,-0.167045,-0.185564,0.000000,0.000000,0.000000,0.000000,0.000000,0.000000,0.000000,0.000000,0.000000,0.000000,0.000000,0.000000,-10.173200,-0.117316,-11.729190,-0.044899,0.039889,-0.001119,-7.773254,1.043154,-10.602240,-0.038371,0.027126,0.010365,-9.802580,0.153468,-11.795510,-0.038690,0.019345,-0.000160,-5.029260,-0.151314,-8.767567,0.008127,0.001679,0.002158
1774680836223,3.287478,0.521218,9.291657,-0.293642,-0.200140,0.075436,-7.492175,-18.054670,2.630031,-0.028085,-0.165713,-0.221270,-4.248032,0.009816,-1.787272,0.169257,-0.203444,-0.459834,2.967852,13.558120,0.189381,-0.061659,-0.069733,-0.207281,-10.173200,-0.067038,-11.793840,-0.043833,0.043353,0.004477,-7.794803,1.091038,-10.650130,-0.036239,0.025527,0.011431,0.000000,0.000000,0.000000,0.000000,0.000000,0.000000,0.000000,0.000000,0.000000,0.000000,0.000000,0.000000
1774680836265,3.404794,0.327287,9.394608,-0.290977,-0.216661,0.081298,-7.449080,-18.030729,2.716222,0.045192,-0.145462,-0.201552,-4.013401,-0.073981,-1.981202,0.155667,-0.161876,-0.457703,2.539291,13.888530,0.122344,0.047324,-0.042288,-0.252313,-10.209120,-0.019154,-11.803410,-0.041701,0.046018,0.008740,-7.773254,1.093432,-10.676460,-0.049029,0.027126,0.010365,-9.850464,0.105584,-11.771570,-0.043487,0.017480,-0.000693,-5.079538,-0.153708,-8.784327,-0.006262,0.004343,0.001625
1774680836310,3.562811,0.389536,9.540654,-0.148153,-0.227053,0.094088,-7.216842,-17.956511,2.620454,0.070772,-0.136669,-0.201286,0.000000,0.000000,0.000000,0.000000,0.000000,0.000000,0.000000,0.000000,0.000000,0.000000,0.000000,0.000000,-10.369530,-0.043096,-11.834540,-0.036639,0.045485,0.011671,-7.799591,1.165258,-10.633370,-0.037838,0.024728,0.009300,-9.836099,0.139103,-11.745240,-0.044553,0.015881,-0.002558,-5.036443,-0.199198,-8.731654,-0.005995,0.001679,0.000293
1774680836354,3.574782,0.451786,9.339541,-0.157746,-0.219858,0.072504,-7.283880,-18.049891,2.627636,0.084628,-0.126809,-0.196756,-3.948757,-0.397198,-1.859098,0.166326,-0.092862,-0.461433,2.263957,13.718540,0.112767,0.090224,-0.076128,-0.233128,-10.292910,0.009577,-11.762710,-0.044899,0.045752,0.004743,-7.770861,1.107797,-10.662100,-0.035972,0.022596,0.009566,-9.783426,0.143892,-11.817060,-0.037358,0.018013,-0.003091,-5.043625,-0.251870,-8.817845,0.004130,0.002212,0.001892
1774680836395,3.627455,0.257856,9.588538,-0.230224,-0.220125,0.041062,-7.051642,-18.066650,2.639607,0.065710,-0.102028,-0.246584,0.000000,0.000000,0.000000,0.000000,0.000000,0.000000,0.000000,0.000000,0.000000,0.000000,0.000000,0.000000,-10.254610,-0.043096,-11.750740,-0.049162,0.042021,0.000213,-7.722977,1.079067,-10.700410,-0.049562,0.020997,0.005036,0.000000,0.000000,0.000000,0.000000,0.000000,0.000000,0.000000,0.000000,0.000000,0.000000,0.000000,0.000000
1774680836431,3.660974,0.300951,9.645999,-0.230490,-0.220391,0.029338,-6.965451,-18.006790,2.747346,0.082497,-0.094035,-0.250048,0.000000,0.000000,0.000000,0.000000,0.000000,0.000000,0.000000,0.000000,0.000000,0.000000,0.000000,0.000000,-10.324040,-0.045490,-11.745950,-0.043300,0.046285,0.003144,-7.778043,1.112586,-10.654920,-0.043167,0.022862,0.007168,-9.793003,0.093613,-11.711720,-0.063205,0.021210,-0.007354,-5.036443,-0.247082,-8.827422,-0.005995,-0.001519,0.004290
1774680836493,3.684916,0.389536,9.662759,-0.187057,-0.226786,0.027739,-6.656599,-18.320431,2.833538,0.095021,-0.017293,-0.372621,-3.264015,-0.794635,-2.124854,0.141545,-0.111781,-0.480618,1.600763,13.242090,0.110373,-0.051001,-0.130487,-0.295747,-10.314460,-0.079009,-11.793840,-0.044100,0.047883,0.006875,-7.837898,1.158075,-10.743500,-0.036505,0.024728,0.009033,-9.816945,0.105584,-11.809880,-0.043753,0.011085,-0.012684,-5.098692,-0.196803,-8.865729,0.001466,0.010206,0.005356
1774680836529,3.842933,0.279403,9.792046,-0.163075,-0.263292,0.047191,-6.431544,-18.748989,2.938883,0.127529,0.011751,-0.406195,0.000000,0.000000,0.000000,0.000000,0.000000,0.000000,0.000000,0.000000,0.000000,0.000000,0.000000,0.000000,-10.336010,0.011971,-11.753140,-0.038237,0.042554,0.002078,-7.797196,1.100615,-10.652520,-0.043167,0.024728,0.005569,0.000000,0.000000,0.000000,0.000000,0.000000,0.000000,0.000000,0.000000,0.000000,0.000000,0.000000,0.000000
1774680836570,3.974614,-0.010295,9.909361,-0.160410,-0.282210,0.016281,-6.563225,-18.492809,2.898181,0.220791,0.037065,-0.401133,-3.256833,-0.804212,-2.105700,0.150338,-0.033707,-0.460900,1.488236,12.952390,0.210929,0.005223,-0.212024,-0.288286,-10.175600,0.009577,-11.717220,-0.039570,0.039357,-0.001652,-7.785226,1.091038,-10.729140,-0.037838,0.024461,0.006368,-9.797791,0.086431,-11.872130,-0.034160,0.009220,-0.003890,-5.060385,-0.141737,-8.899248,0.012391,0.001945,0.000027
1774680836613,4.120660,0.107021,10.141600,-0.101789,-0.322446,0.027206,-6.314228,-18.751390,3.185485,0.279413,0.049322,-0.452293,-3.343024,-1.448252,-2.076970,0.156467,0.012124,-0.553896,0.609564,12.782400,0.330639,-0.002771,-0.342591,-0.361563,-10.173200,-0.007183,-11.808200,-0.032642,0.035892,0.000746,-7.763678,1.069490,-10.686040,-0.025847,0.018599,0.004770,-9.771456,0.155863,-11.874520,-0.029098,0.009220,-0.001759,-5.034048,-0.151314,-8.894460,0.008660,0.000080,-0.000773
1774680836667,4.381629,0.018435,10.189480,-0.119642,-0.392259,-0.025021,-5.950309,-18.555059,3.468001,0.277547,-0.022889,-0.513313,0.000000,0.000000,0.000000,0.000000,0.000000,0.000000,0.000000,0.000000,0.000000,0.000000,0.000000,0.000000,-10.326430,-0.071826,-11.731590,-0.028112,0.039090,0.005009,-7.876205,1.086249,-10.657310,-0.038637,0.020198,0.004770,-9.800186,0.100796,-11.750020,-0.043220,-0.007568,-0.003091,-5.072355,-0.148919,-8.887277,0.009726,-0.001519,0.000027
1774680836715,4.367263,-0.012689,10.263700,-0.191054,-0.441289,-0.078313,-5.730043,-18.631680,3.558981,0.236246,-0.119349,-0.542624,-2.675042,-1.570357,-2.261323,0.236139,-0.016121,-0.754808,0.121147,13.081680,0.297120,0.067575,-0.504600,-0.706898,0.000000,0.000000,0.000000,0.000000,0.000000,0.000000,0.000000,0.000000,0.000000,0.000000,0.000000,0.000000,-9.816945,0.167834,-11.733260,-0.053612,0.015615,-0.002558,-5.108269,-0.180044,-8.834604,-0.000400,0.001412,-0.000773
1774680836766,4.726394,-0.249715,10.196670,-0.235553,-0.537215,-0.098831,-5.428373,-18.614920,3.673903,0.255164,-0.262972,-0.460287,-2.986288,-1.311783,-2.225410,0.244399,0.002265,-0.755608,0.968694,11.094490,0.299515,-0.137335,-0.551497,-0.714892,-10.271360,-0.074220,-11.793840,-0.033175,0.046817,-0.001652,-7.785226,1.028788,-10.628580,-0.023982,0.026859,0.008500,0.000000,0.000000,0.000000,0.000000,0.000000,0.000000,0.000000,0.000000,0.000000,0.000000,0.000000,0.000000
1774680836797,4.961025,-0.046208,10.282860,-0.226493,-0.584112,-0.115085,-5.260779,-18.382681,3.693056,0.248769,-0.338381,-0.422183,0.000000,0.000000,0.000000,0.000000,0.000000,0.000000,0.000000,0.000000,0.000000,0.000000,0.000000,0.000000,-10.355160,-0.062249,-11.722010,-0.031043,0.030830,0.001545,-7.751707,1.057519,-10.681250,-0.020784,0.030590,0.011698,-9.819340,-0.004549,-11.788330,-0.035493,0.011618,-0.006555,-5.012501,-0.194409,-8.906430,0.012124,0.006209,0.004823
1774680836837,5.071158,-0.106063,10.239760,-0.214502,-0.585178,-0.089505,-5.404431,-18.308460,3.688268,0.295667,-0.354635,-0.392073,-2.416468,-1.737951,-2.759317,0.413337,0.148020,-0.811032,-0.115879,11.688250,0.716106,-0.171708,-0.833948,-0.761523,-10.302490,-0.062249,-11.884820,-0.037438,0.046285,0.009539,-7.722977,1.107797,-10.765050,-0.023449,0.026859,0.012231,0.000000,0.000000,0.000000,0.000000,0.000000,0.000000,0.000000,0.000000,0.000000,0.000000,0.000000,0.000000
1774680836891,5.286637,-0.266475,10.328350,-0.183060,-0.609959,-0.053266,-5.145858,-18.160021,3.570952,0.315918,-0.413790,-0.328921,0.000000,0.000000,0.000000,0.000000,0.000000,0.000000,0.000000,0.000000,0.000000,0.000000,0.000000,0.000000,-10.283340,0.007183,-11.793840,-0.036639,0.045752,0.007674,-7.799591,1.071884,-10.729140,-0.041035,0.028725,0.006368,-9.826522,0.143892,-11.862550,-0.018173,0.006821,-0.002292,-5.079538,-0.124977,-8.925584,0.015322,0.005409,0.001892
1774680836929,5.717593,-0.060573,9.918938,-0.154548,-0.586244,-0.011165,-4.844188,-17.336411,3.630807,0.310322,-0.444699,-0.260174,-1.719755,-2.480153,-2.864663,0.697119,0.284982,-0.820358,-0.896389,11.288420,1.159033,0.165100,-1.087353,-0.771382,-10.345580,-0.021548,-11.767500,-0.031842,0.038824,0.004743,-7.792408,1.098220,-10.654920,-0.033841,0.028725,0.007434,-9.781033,0.210929,-11.711720,-0.033894,0.008420,-0.006289,-5.046020,-0.151314,-8.887277,0.006795,0.006475,-0.003171
1774680836960,0.000000,0.000000,0.000000,0.000000,0.000000,0.000000,0.000000,0.000000,0.000000,0.000000,0.000000,0.000000,-1.959175,-0.794635,-2.349909,1.232442,0.416614,-0.649023,0.532949,10.749730,1.757583,0.230117,-1.583506,-0.228865,-10.228270,0.023942,-11.602300,-0.018519,0.032961,-0.000320,-7.813956,1.093432,-10.717160,-0.023182,0.028458,0.008500,-9.862435,0.110373,-11.845790,-0.044020,0.040662,-0.008154,-5.038836,-0.239899,-8.841787,0.003597,0.002212,-0.004237
1774680837008,6.184463,-0.359849,10.103290,-0.194518,-0.469001,0.049322,-4.190571,-17.518370,3.712210,0.291137,-0.327989,-0.226866,-1.726938,-0.349314,-1.677138,1.268681,0.494954,-0.519522,1.145865,12.011470,2.018551,0.508304,-1.886741,0.096486,0.000000,0.000000,0.000000,0.000000,0.000000,0.000000,0.000000,0.000000,0.000000,0.000000,0.000000,0.000000,-9.910319,0.069671,-11.841000,-0.036559,0.028671,-0.010285,-5.029260,-0.141737,-8.911219,0.007328,0.005409,-0.003171
1774680837042,6.273048,0.006464,10.297220,-0.049296,-0.412777,0.077301,-4.207331,-17.903839,3.910928,0.222390,-0.290684,-0.228465,-2.478717,0.795114,0.032322,0.980369,0.519202,-0.352983,2.307053,10.215820,3.210864,0.563728,-1.785219,0.105279,-10.043920,-0.138864,-11.812990,-0.007061,0.032961,-0.001652,-7.639179,0.875560,-10.733920,-0.012524,0.028458,0.008767,-9.845675,-0.006943,-11.953530,-0.023502,0.013749,-0.005756,-5.072355,-0.189621,-8.884883,0.008127,0.005143,-0.005303
1774680837119,6.466978,0.001676,10.400170,-0.074609,-0.418639,0.064777,-3.788345,-17.944540,3.870227,0.266089,-0.283489,-0.195424,-2.189019,0.141497,-0.985214,0.749079,0.344669,-0.241868,2.012566,10.268490,2.724841,0.329507,-1.474790,-0.196090,-10.292910,-0.086191,-11.793840,0.013723,0.041755,0.027925,-7.770861,1.076672,-10.712380,-0.015721,0.032722,0.015162,-9.867224,0.009816,-11.838610,0.014336,-0.003038,0.003304,-5.089115,-0.266235,-9.018958,0.027845,0.000613,-0.005836
1774680837156,6.689639,0.025618,10.479180,-0.317357,-0.345895,0.011218,-3.817076,-17.573441,4.119224,0.103014,-0.285888,-0.244719,-2.342247,0.184593,-0.731429,0.382160,0.126703,-0.116631,2.323812,10.560580,3.577177,0.236512,-1.233908,-0.652806,-10.237850,-0.174777,-11.798630,0.020384,0.035626,0.034587,-7.756495,1.067096,-10.729140,0.011191,0.031656,0.023156,-9.816945,0.055306,-11.778750,-0.004583,-0.000373,0.006502,-5.036443,-0.220745,-8.803480,0.023315,-0.000453,0.002158
1774680837201,6.850050,-0.283234,10.357080,-0.281651,-0.292336,0.070906,-3.333447,-17.901449,4.181473,0.117670,-0.184632,-0.321460,-2.667859,0.938766,-0.436942,0.265450,-0.048629,0.119189,2.776316,10.467210,4.056017,0.603964,-0.912554,-0.799361,-10.419800,0.210690,-11.896790,-0.017453,0.052946,0.021264,-7.883389,1.270603,-10.829690,-0.026913,0.035919,0.021557,-9.826522,0.103190,-11.809880,-0.011778,0.003357,0.001172,-5.127422,-0.182438,-8.863335,0.033441,0.006209,0.006422
1774680837281,7.063134,-0.616028,10.416930,-0.085534,-0.266489,0.176158,-3.153882,-18.222269,4.109647,0.389728,0.092756,-0.427512,-2.732502,-0.114682,0.199916,0.134350,-0.116844,0.035786,2.948699,9.758527,4.374446,-0.491463,-0.985298,-0.713027,-10.343190,-0.011971,-11.865660,-0.038770,0.050281,0.001279,-7.816350,1.196383,-10.882370,-0.015721,0.024728,0.016760,-9.840887,0.215718,-11.857760,-0.044553,0.027606,-0.007354,-5.115451,-0.086670,-8.887277,-0.000666,0.005942,0.004557
1774680837343,0.000000,0.000000,0.000000,0.000000,0.000000,0.000000,0.000000,0.000000,0.000000,0.000000,0.000000,0.000000,0.000000,0.000000,0.000000,0.000000,0.000000,0.000000,0.000000,0.000000,0.000000,0.000000,0.000000,0.000000,-10.163630,0.102951,-11.767500,-0.093662,0.037758,-0.010445,-7.708611,1.035971,-10.755470,-0.093795,0.029258,-0.000027,-9.781033,0.096007,-11.757210,-0.077061,0.029737,-0.009753,-5.074750,-0.127372,-8.913613,-0.012391,0.011538,0.007221
1774680837383,6.964972,-0.328724,10.503120,0.047430,-0.229451,0.130060,-2.775598,-18.035521,4.363433,0.581048,0.217993,-0.426979,0.000000,0.000000,0.000000,0.000000,0.000000,0.000000,0.000000,0.000000,0.000000,0.000000,0.000000,0.000000,-10.319250,-0.083797,-11.815380,-0.070479,0.039623,-0.011245,-7.830715,1.071884,-10.726740,-0.041835,0.022063,0.001039,-9.807368,0.100796,-11.812270,-0.077860,0.039863,-0.014282,-4.981376,-0.170467,-8.904037,-0.017986,0.009406,0.010419
1774680837420,7.149326,-0.632787,10.579740,0.110848,-0.218259,0.123932,-2.857001,-17.489639,4.691438,0.759045,0.399187,-0.417653,-2.512236,-0.557610,-1.171962,0.755741,0.137628,0.146634,1.052491,9.550231,4.843709,0.539213,-1.097745,-0.540359,-10.163630,-0.009577,-11.829750,-0.040636,0.033761,-0.016041,-7.701428,1.031183,-10.788990,-0.023449,0.014336,0.000773,-9.706812,0.031364,-11.941560,-0.076794,0.031602,-0.009220,-5.031654,-0.160890,-8.971074,-0.013190,0.004343,-0.000240
1774680837469,7.254671,-0.390973,10.359470,0.201179,-0.200406,0.151111,-2.809117,-17.226280,4.782418,0.716944,0.403184,-0.447231,0.000000,0.000000,0.000000,0.000000,0.000000,0.000000,0.000000,0.000000,0.000000,0.000000,0.000000,0.000000,-10.347980,0.040701,-11.920730,-0.051560,0.044952,-0.015775,-7.785226,1.160470,-10.769840,-0.045832,0.013803,0.000773,-9.955810,0.155863,-11.953530,-0.059474,0.034800,-0.013749,-5.079538,-0.165679,-8.860941,0.000666,-0.004983,-0.002372
1774680837510,7.795760,-0.127611,10.469600,0.212904,-0.150311,0.183886,-2.354218,-16.263809,5.146337,0.838984,0.542544,-0.403264,-2.871366,0.936372,-0.606930,0.757873,0.022516,0.282530,2.951093,9.844718,5.090312,0.591440,-1.194738,-0.367692,-10.082220,-0.090980,-11.791440,-0.066482,0.023902,-0.019772,-7.699035,0.973722,-10.702800,-0.052760,0.015668,-0.003224,-9.759484,0.038547,-11.795510,-0.091716,0.026806,-0.016414,-5.175306,-0.251870,-8.889671,-0.021184,0.009939,0.007221
1774680837598,7.055952,0.107021,10.574950,0.184126,-0.015215,0.189481,-2.275210,-17.197550,5.479131,0.618619,0.573187,-0.445632,-2.888125,0.230083,-0.427365,0.745082,-0.298038,0.412564,1.564850,10.828730,5.435077,0.289005,-0.923479,-0.728748,-10.367130,-0.069432,-11.762710,-0.048363,0.036425,-0.004317,-7.766072,1.045548,-10.681250,-0.045032,0.014069,0.005836,0.000000,0.000000,0.000000,0.000000,0.000000,0.000000,0.000000,0.000000,0.000000,0.000000,0.000000,0.000000
1774680837643,7.632955,-0.070150,10.639590,0.171868,-0.034933,0.210266,-2.287181,-16.610970,5.828684,0.718543,0.664051,-0.422183,0.000000,0.000000,0.000000,0.000000,0.000000,0.000000,0.000000,0.000000,0.000000,0.000000,0.000000,0.000000,-10.225870,0.019154,-11.812990,-0.061953,0.035626,-0.003251,-7.763678,1.021606,-10.686040,-0.052493,0.028458,0.006901,-9.828917,0.064883,-11.910440,-0.043753,0.022809,-0.008953,-5.163335,-0.165679,-8.923190,-0.003331,0.011271,0.004290
1774680837680,7.508456,0.315316,10.541430,0.205443,0.031416,0.192146,-2.040578,-16.448170,6.178237,0.686301,0.682171,-0.404064,-2.751656,0.491051,-0.458490,0.865257,-0.163475,0.462925,1.624705,10.187090,5.753506,0.618886,-0.969577,-0.491064,-10.233060,0.055067,-11.868060,-0.058222,0.033761,-0.018972,-7.766072,1.107797,-10.800960,-0.048496,0.023928,0.003704,-9.709207,0.136709,-11.915220,-0.035226,0.008687,-0.007621,-5.117846,-0.072305,-8.916007,0.002265,0.012337,0.004823
1774680837737,7.180450,0.123780,11.013090,0.136429,0.124145,0.232115,-2.126769,-16.505630,6.525397,0.561330,0.692030,-0.412324,-3.036566,0.661039,0.559046,0.633435,-0.194384,0.301183,2.651818,11.185470,6.031233,0.371875,-0.902695,-0.366359,-10.089410,-0.064643,-11.877630,-0.058755,0.022569,-0.018439,-7.758889,1.014423,-10.731530,-0.047963,0.023129,0.003171,-9.814551,0.091219,-11.967900,-0.071998,0.012417,-0.010285,-5.012501,-0.132160,-9.035717,-0.008394,0.003544,-0.000773
1774680837779,7.261853,0.231519,10.768880,0.138561,0.095900,0.141252,-1.865801,-16.254230,6.791153,0.420638,0.676841,-0.415788,-3.086844,2.576400,0.228646,0.643027,-0.355061,0.512487,3.664565,10.328350,6.134184,0.401452,-0.884043,-0.500923,-10.307280,-0.064643,-11.884820,-0.056357,0.038557,-0.010179,-7.845080,1.112586,-10.829690,-0.030377,0.017000,0.005569,0.000000,0.000000,0.000000,0.000000,0.000000,0.000000,0.000000,0.000000,0.000000,0.000000,0.000000,0.000000
1774680837812,7.194816,0.435027,10.766490,0.160144,0.155055,0.176958,-2.131558,-16.227900,6.848614,0.358552,0.624615,-0.371555,0.000000,0.000000,0.000000,0.000000,0.000000,0.000000,0.000000,0.000000,0.000000,0.000000,0.000000,0.000000,-10.125320,0.004788,-11.779470,-0.053159,0.027632,-0.016041,-7.708611,1.031183,-10.822510,-0.046364,0.013003,0.001839,-9.781033,0.040941,-11.881700,-0.082124,0.020944,-0.014549,-5.043625,-0.199198,-8.968679,-0.021184,0.001412,-0.001839
1774680837858,7.137355,0.518824,11.195050,0.062885,0.156387,0.095420,-1.829888,-16.089041,7.138312,0.323645,0.620085,-0.343843,-3.357389,1.752795,0.398635,0.398681,-0.270060,0.248423,3.762727,11.427290,5.617037,0.443021,-0.851001,-0.234727,-10.357560,-0.055067,-11.848900,-0.049695,0.035892,-0.005915,-7.837898,1.177229,-10.745900,-0.046897,0.007408,0.002372,-9.737937,0.076854,-11.963110,-0.074663,0.032668,-0.010285,-5.017289,-0.172861,-8.987833,-0.009193,-0.003384,-0.000240
1774680837906,6.929059,0.755849,10.900560,0.017587,0.176904,0.116471,-2.064520,-16.393101,7.255628,0.188282,0.657390,-0.335583,-3.376543,2.992991,0.661997,0.567618,-0.259934,0.381921,4.299028,11.951620,5.719987,0.530687,-0.680465,-0.037012,-10.185170,-0.011971,-11.858480,-0.078207,0.031896,-0.008580,-7.794803,1.047942,-10.777020,-0.065017,0.018866,0.005836,-9.922291,0.028970,-11.979870,-0.071465,0.029471,-0.011618,-4.945463,-0.232716,-8.978256,-0.003864,-0.002318,0.006688
1774680837960,6.862021,0.576284,10.938870,0.031709,0.193692,0.122866,-2.323094,-16.153681,7.420828,0.361483,0.703488,-0.317197,0.000000,0.000000,0.000000,0.000000,0.000000,0.000000,0.000000,0.000000,0.000000,0.000000,0.000000,0.000000,-10.228270,-0.079009,-11.935100,-0.110982,0.027899,-0.011511,-7.845080,1.055125,-10.729140,-0.089798,0.016201,0.002638,0.000000,0.000000,0.000000,0.000000,0.000000,0.000000,0.000000,0.000000,0.000000,0.000000,0.000000,0.000000
1774680838002,7.032010,0.626562,11.013090,0.106052,0.178237,0.107677,-2.253662,-15.801730,7.399280,0.345762,0.727469,-0.362496,-3.108392,2.775119,0.283712,0.396549,-0.234887,0.342751,4.181713,11.410530,5.923494,0.250635,-0.448110,0.010952,-10.154050,-0.002394,-11.791440,-0.096859,0.025767,-0.015508,-7.739736,1.047942,-10.798570,-0.071945,0.011938,0.006635,-9.876801,0.012210,-11.900860,-0.100776,0.026273,-0.012151,-5.093904,-0.199198,-8.949526,-0.018519,0.006209,0.013616
1774680838053,6.847656,0.684023,10.917320,0.033574,0.238457,0.094088,-2.224932,-15.847220,7.815871,0.326843,0.778630,-0.504254,0.000000,0.000000,0.000000,0.000000,0.000000,0.000000,0.000000,0.000000,0.000000,0.000000,0.000000,0.000000,-10.237850,-0.011971,-11.846510,-0.098991,0.037758,-0.013643,-7.734947,1.112586,-10.868000,-0.086067,0.010605,0.003437,-9.735542,0.093613,-11.910440,-0.101576,0.029737,-0.018013,-5.012501,-0.038786,-8.944737,-0.025181,0.008340,0.013883
1774680838103,6.706398,0.717542,11.123220,0.116444,0.256044,0.094088,-2.074097,-16.194380,7.916428,0.303661,0.795151,-0.533564,-2.801934,2.360922,0.204704,0.328602,-0.275655,0.315305,3.999753,11.058580,6.074329,0.290604,-0.325271,0.024275,-10.283340,-0.129287,-11.777080,-0.087266,0.031096,-0.013110,-7.876205,1.050336,-10.681250,-0.068747,0.009006,0.004503,-9.793003,0.052912,-12.003810,-0.093315,0.028405,-0.010019,-5.062778,-0.124977,-9.038112,-0.015055,0.008607,0.011485
1774680838143,6.759071,1.043154,10.890980,0.202778,0.240056,0.039996,-2.229720,-15.169660,7.681796,0.310589,0.791420,-0.535430,-3.331053,2.712870,0.944512,0.482350,-0.276188,0.388049,4.363672,10.811980,5.921100,0.153642,-0.283703,0.058648,-10.288120,-0.102951,-11.700460,-0.072345,0.029497,-0.013376,-7.780437,1.057519,-10.719560,-0.062352,0.011938,0.002105,-9.764273,0.081642,-12.027750,-0.097312,0.036932,-0.011884,-4.995741,-0.141737,-8.932767,-0.011058,0.005942,0.012017
1774680838218,6.206010,1.203565,11.013090,0.041302,0.368225,-0.037545,-2.119587,-15.741880,8.371326,0.069174,0.709616,-0.589788,0.000000,0.000000,0.000000,0.000000,0.000000,0.000000,0.000000,0.000000,0.000000,0.000000,0.000000,0.000000,-10.247420,0.033519,-11.834540,-0.080072,0.030563,-0.013909,-7.739736,1.086249,-10.788990,-0.054625,0.013003,0.003970,0.000000,0.000000,0.000000,0.000000,0.000000,0.000000,0.000000,0.000000,0.000000,0.000000,0.000000,0.000000
1774680838261,6.502892,1.627339,10.881410,0.197982,0.190494,0.030137,-2.370978,-14.817710,7.976283,0.100883,0.823129,-0.479739,-3.290351,3.359304,0.817619,0.386957,-0.213836,0.382454,4.595910,11.671490,5.973773,0.233048,-0.168324,0.156973,-10.252210,-0.095768,-11.846510,-0.072078,0.037491,-0.013909,-7.857052,0.971328,-10.554360,-0.064217,0.011405,0.003437,-9.793003,0.103190,-12.133100,-0.083456,0.034001,-0.008154,-4.971799,-0.117795,-9.059659,-0.013190,-0.001785,0.002425
1774680838304,5.945042,1.505235,11.453620,0.034107,0.355701,0.014149,-2.244085,-15.988480,8.409634,0.007088,0.875356,-0.452560,0.000000,0.000000,0.000000,0.000000,0.000000,0.000000,0.000000,0.000000,0.000000,0.000000,0.000000,0.000000,-9.969695,-0.177171,-11.937490,-0.065417,0.032428,-0.010712,-7.780437,0.990481,-10.733920,-0.044233,0.017267,0.006368,-9.728360,-0.009337,-12.140280,-0.060540,0.024674,-0.008953,-5.005318,-0.158496,-9.023746,-0.006528,-0.000187,0.003224
1774680838373,6.148549,1.004846,10.670720,0.252606,0.350105,-0.004770,-2.167471,-15.162480,7.964312,0.030803,1.117570,-0.452560,-3.070085,3.840539,1.028310,0.437318,-0.246877,0.428019,5.160941,11.757680,5.669709,0.016681,-0.183779,0.160970,-10.328820,-0.131681,-11.779470,-0.048363,0.042021,0.002878,-7.835504,1.081461,-10.590270,-0.031443,0.020997,0.007967,-9.773849,0.067277,-12.106760,-0.053346,0.009486,-0.004157,-5.081932,-0.062728,-9.064447,0.002798,0.000613,0.000293
1774680838431,5.851668,0.937809,10.491150,0.211571,0.380215,-0.032482,-2.414073,-15.198390,8.021773,0.050788,1.154342,-0.451228,0.000000,0.000000,0.000000,0.000000,0.000000,0.000000,0.000000,0.000000,0.000000,0.000000,0.000000,0.000000,-10.194750,-0.069432,-11.851300,-0.031309,0.036958,-0.003784,-7.754101,1.040759,-10.690830,-0.017587,0.024994,0.010898,-9.658928,0.088825,-11.972680,-0.025367,0.001759,-0.003091,-4.967010,-0.098641,-9.090784,0.009726,-0.002585,-0.002105
1774680838472,5.631402,1.148498,10.883800,0.656031,0.568871,-0.153189,-2.833059,-15.131350,8.232463,-0.053932,1.318483,-0.588722,-3.024595,5.463808,1.303642,0.689658,-0.240482,0.629198,5.749915,12.696210,5.020880,0.294334,-0.178716,0.357086,-10.201930,0.110133,-11.863270,-0.036905,0.030563,-0.013110,-7.828321,1.088643,-10.745900,-0.023982,0.018333,0.002638,-9.728360,0.201352,-12.099580,-0.038424,-0.000906,-0.008953,-4.993347,-0.026815,-9.018958,0.009193,-0.003384,-0.007434
1774680838531,5.549999,1.720713,11.120830,0.616594,0.513979,-0.125211,-2.890520,-14.379580,7.971495,-0.091237,1.376838,-0.615635,0.000000,0.000000,0.000000,0.000000,0.000000,0.000000,0.000000,0.000000,0.000000,0.000000,0.000000,0.000000,-10.158840,-0.083797,-11.903970,-0.050228,0.031096,-0.026167,-7.766072,1.033577,-10.848850,-0.036239,0.011671,-0.002958,-9.747514,0.088825,-12.082820,-0.049882,0.020145,-0.011085,-5.043625,-0.187227,-9.059659,-0.005995,-0.008447,-0.006901
1774680838600,4.764701,2.036747,10.687480,0.471372,0.800960,-0.225134,-3.546531,-14.233530,8.079234,-0.181301,1.462106,-0.594584,-3.144305,6.265865,1.140837,0.515125,-0.211172,0.644919,5.702031,13.524610,5.018486,0.354022,-0.039357,0.445552,-10.209120,-0.038307,-11.896790,-0.069147,0.033494,-0.031496,-7.749312,1.083855,-10.757870,-0.042368,0.007408,-0.002425,-9.737937,0.021787,-12.147460,-0.075196,0.007887,-0.020411,-5.125028,-0.187227,-9.028535,-0.021450,-0.010046,-0.009300
1774680838639,5.109466,1.888307,10.364260,0.492423,0.698105,-0.240056,-4.260003,-15.066710,8.364143,-0.434174,1.549240,-0.602845,-3.383725,5.629008,1.490391,0.612917,-0.133098,0.711002,5.575138,13.160690,4.848498,0.350558,0.118656,0.501776,0.000000,0.000000,0.000000,0.000000,0.000000,0.000000,0.000000,0.000000,0.000000,0.000000,0.000000,0.000000,-9.764273,0.064883,-12.149860,-0.071465,-0.010232,-0.007887,-5.026866,-0.151314,-9.062054,-0.003864,-0.015375,-0.011431
